Supplier_Name,Total_SKUs,Active_SKUs,Blocked_SKUs,Sales_Qty,Sales_Value,Profit_Value,Avg_Active_TGM_Pct,Zero_Sales_Active_SKUs,Inventory_Risk_Value
Supplier 001,54,42,12,1073,99773.56,32822.49,33.4,7,7454.06
Supplier 002,46,35,11,913,171737.67,56735.46,32.97,6,16178.8
Supplier 003,109,90,19,2665,271599.63,74238.56,29.98,10,58239.8
Supplier 004,43,37,6,880,96543.4,29857.62,31.39,4,14132.3
Supplier 005,42,34,8,942,110332.53,40987.68,35.83,1,42.2
Supplier 006,50,38,12,1189,97863.43,32534.1,32.72,4,8492.0
Supplier 007,37,35,2,1249,113024.63,41362.27,33.85,3,5679.2
Supplier 008,43,35,8,1210,105719.15,34584.67,33.05,2,23641.28
Supplier 009,59,47,12,1504,144918.11,45172.2,33.86,6,10969.85
Supplier 010,46,38,8,1519,150433.67,48928.8,32.1,3,14982.31
Supplier 011,91,76,15,2091,222414.14,61143.99,30.6,13,63101.32
Supplier 012,36,29,7,889,99324.82,35527.5,33.7,1,0.0
Supplier 013,51,36,15,1097,93008.93,29634.12,33.27,5,30974.2
Supplier 014,38,32,6,1207,115947.59,40785.43,32.12,0,0
Supplier 015,46,37,9,1199,89112.98,29211.23,34.44,4,6264.62
Supplier 016,45,36,9,997,142799.05,50102.27,35.88,1,93.9
Supplier 017,38,30,8,831,94556.75,29379.8,35.41,6,3993.05
Supplier 018,48,42,6,1330,125967.47,42742.85,33.2,2,3735.44
Supplier 019,122,95,27,2974,258437.9,93589.73,35.05,12,22093.25
Supplier 020,43,32,11,732,73748.99,22515.93,33.23,4,9341.14
Supplier 021,38,29,9,981,68814.15,22672.04,33.26,3,2604.86
Supplier 022,44,37,7,1140,115830.89,47705.08,36.18,1,1047.06
Supplier 023,45,39,6,1150,75777.31,26242.27,34.06,4,3062.57
Supplier 024,36,30,6,1127,129415.58,50090.37,35.62,3,10878.24
Supplier 025,33,26,7,928,141328.65,47315.78,34.19,3,7587.53
Supplier 026,37,33,4,967,115008.45,41227.67,34.17,5,12599.21
Supplier 027,52,47,5,1468,104094.42,35795.21,34.93,5,12300.83
Supplier 028,36,30,6,779,76779.59,26910.23,34.36,3,14404.38
Supplier 029,41,35,6,1165,113087.76,42455.77,35.38,4,28068.03
Supplier 030,51,43,8,1292,105070.9,37125.58,33.78,4,14512.18
